"EmployeeID","EmployeeName","EmploymentNumber","OUID"
"79","billy style","10","21"
"69","paul bleacher","7","7"
"62","jax bleacher","6","82"
"54","axel style","6","79"
"38","paul blacker","2","82"
"96","jax barker","1","7"
"14","jim rogers","6","32"
"18","axel spirits","9","32"
"98","billy spirits","7","32"
"85","jay rogers","9","32"
"95","charlie rogers","5","82"
"25","charlie bleacher","9","21"
"97","charlie murphy","5","7"
"86","paul barker","9","32"
"41","jay bleacher","7","7"
"63","roy spirits","2","82"
"19","gina style","9","7"
"73","jim bleacher","5","82"
"33","jim spirits","10","7"
"34","axel blacker","1","32"
"92","jim blacker","6","21"
"51","paul rogers","1","32"
"5","paul style","2","32"
"90","gina blacker","3","79"
"29","axel barker","1","32"
"83","billy rogers","4","79"
"30","gina spirits","4","7"
"91","jax rogers","10","82"
"94","jay blacker","3","79"